{"cameraMode":{"drawMode":0,"name":"Shaded","section":"Shading Mode"},"sceneLighting":true,"audioPlay":false,"sceneViewState":{"m_AlwaysRefresh":false,"showFog":true,"showSkybox":true,"showFlares":true,"showImageEffects":true,"showParticleSystems":true,"showVisualEffectGraphs":true,"m_FxEnabled":true},"in2DMode":false,"pivot":{"x":-4.671483039855957,"y":-16.287792205810548,"z":-29.450300216674806},"rotation":{"x":-0.035548098385334018,"y":0.9300379753112793,"z":-0.35358747839927676,"w":-0.0935019999742508},"size":21.839754104614259,"orthographic":false}